temperature,humidity,rainfall,soil_moisture
22.49080238,41.10797573,5.234113675,33.64773323
34.01428613,62.51405684,4.939575981,45.5342592
29.63987884,82.37675015,18.12509161,57.12320367
26.97316968,73.93349318,4.990923997,39.22710374
18.12037281,78.39366887,5.438994523,51.78046511
18.11989041,69.527002,15.18796525,44.54331383
16.16167224,71.53659387,8.994796849,40.56937228
32.32352292,80.95173909,15.53421114,53.99671099
27.02230023,44.98008053,1.307323151,21.9770188
29.16145156,59.36549782,9.751423873,42.42473321
15.41168989,43.27256651,0.672272004,21.24738708
34.39819704,89.26008048,1.253064069,48.43676074
31.64885282,86.64356038,18.12874907,48.83038992
19.24678221,32.36560868,2.784907422,28.07726236
18.63649934,72.33451035,10.64841365,40.74157074
18.6680902,85.51489904,8.221912052,57.67089754
21.08484486,40.83452071,6.946866525,25.4530798
25.49512863,64.07671383,17.99666691,34.7494391
23.63890037,84.92929786,0.436467936,44.06099043
20.8245828,32.03675872,13.27579372,31.09997104
27.23705789,71.84521603,19.26788868,47.16781223
17.78987721,47.84094044,11.20336367,28.75666964
20.84289297,85.46377172,18.73644924,53.53213473
22.32723687,88.26349471,1.045157586,53.54786361
24.12139968,86.65598935,8.375866381,57.82658193
30.70351923,58.452853,5.203155819,46.72060958
18.99347564,81.72255906,14.6164193,47.68376285
25.28468877,80.67296391,19.62594181,45.21683852
26.84829138,49.14602839,5.130601249,31.58629605
15.92900825,79.73492845,13.08349203,48.56426764
27.15089704,32.22045808,3.961952655,20.22909405
18.41048247,65.77619271,11.30660509,35.88680754
16.30103186,43.80053024,9.278649734,30.36524403
33.97771075,37.23401315,19.44010659,32.45507936
34.31264066,34.6171921,12.17054545,30.20048232
31.16794696,71.77732655,6.990127442,42.84459618
21.09227538,50.39249783,2.281915698,30.8283111
16.95344228,73.48600629,3.024936575,37.81285742
28.68466053,33.92138045,4.506338599,30.91834816
23.80304987,48.91742027,5.019333227,37.77973842
17.4407647,62.36947754,17.01232116,30.5884931
24.9035382,77.44338989,11.22445577,43.79009326
15.68777042,49.12515018,10.46781823,23.87982358
33.18640804,67.55348259,2.295377437,40.94161952
20.17559963,83.15866489,17.20279387,50.65538126
28.25044569,66.95179129,14.45628606,37.59406047
21.23422152,43.97756849,1.353367238,24.02042508
25.40136042,31.46404689,14.15670194,21.1639851
25.93420559,82.20593243,10.87076435,52.09371741
18.69708911,31.27616465,1.634506915,21.92083213
34.39169256,82.48210036,9.166012831,49.78307275
30.50265647,61.73622804,9.693925743,42.84180047
33.78997883,86.34406191,3.315490803,51.23872234
32.89654701,77.92699415,18.91396294,51.25697821
26.95799958,89.87604663,16.99950743,64.79258513
33.4374847,51.04270893,13.38044675,44.93099448
16.76985004,76.03129734,9.24591122,38.39787974
18.91965725,54.11585482,8.235310832,38.52954884
15.90454578,58.79253722,13.01946934,40.82850898
21.50660662,67.65032779,10.90863739,36.71755691
22.77354579,82.42062685,1.245462118,52.38535781
20.42698064,89.04500815,10.25005298,60.39026845
31.57475018,76.09640483,16.12807234,45.13351791
22.13506653,55.06600693,9.184797552,31.42296883
20.61869019,55.28142014,1.039131551,39.12245077
25.85392166,74.2549381,15.72556399,49.3862349
17.8184845,44.32662875,4.027275643,31.07169623
31.04393962,36.62844679,5.172416698,30.3648347
16.49101287,51.27732946,3.294127069,33.19827361
34.73773873,47.2343395,6.604301297,28.72699099
30.44489539,47.77848723,15.13503011,41.28630679
18.97431363,44.01646506,10.38771719,35.62602002
15.11044234,32.52559138,4.097625483,20.46849977
31.30922857,31.07243608,17.55660156,28.22292218
29.13714688,89.26334338,17.5916371,49.23560566
29.58014336,55.66638802,17.4115685,42.7608245
30.42540693,53.05959883,4.775924228,39.47289355
16.48089303,70.77883696,9.024786884,41.82768868
22.16931457,43.09523327,19.69979312,37.76013643
17.31738119,86.99767104,15.44024953,50.11171363
32.26206852,77.18070086,0.543348425,51.2006703
27.46596254,35.36466014,1.304091825,21.0846155
21.6179605,55.05484655,9.278627536,35.75077618
16.27116701,82.74709845,18.18440412,49.02000886
21.21964643,86.68392134,10.77403596,52.9892014
21.50366644,58.04409067,9.956250161,35.61676066
29.59212357,66.80468335,2.109473999,42.04451057
27.75114943,40.02203677,13.13560209,35.09371949
32.74425485,89.47011757,16.44206321,55.6629267
24.4442985,43.90030208,7.60840015,22.77223512
17.39188492,86.56390645,15.51223702,60.34988562
29.26489574,68.97879894,19.28953308,54.0340452
30.21570097,66.46420769,4.075329183,36.6505665
26.22554395,60.76131066,10.46659262,43.79017607
30.4193436,43.8401887,5.742759162,29.67957541
24.87591193,40.59168192,15.85708838,32.24746829
25.45465659,43.22917254,11.55186732,33.03247736
23.55082037,41.18629573,12.69164835,29.02468464
15.50838253,76.77506841,15.95828319,42.31287728
17.15782854,51.00751555,7.919409453,28.78228297
15.62858371,33.47056059,18.30180137,20.50325611
27.72820823,88.14615781,10.66057734,50.3645458
21.28711962,83.0271531,3.159096457,48.19564028
25.17141382,85.66513699,13.91798236,49.58878917
33.15132948,89.69446936,15.86522701,61.37593925
19.98584458,40.43371495,6.335233541,34.91588834
23.20765846,53.77452113,17.14358514,34.37800893
30.11102277,75.49430854,18.1228651,51.60205662
19.57596331,71.76123708,5.538089748,45.35945104
16.5395982,39.23375438,19.67042945,30.87285389
20.79502906,78.9499875,2.814230561,46.65612492
18.22442575,43.46643431,4.040313368,31.72201964
33.59395305,43.42905689,3.684496785,34.94085848
31.16240759,62.21846537,17.8797942,37.84560169
27.66807513,65.57639609,13.08585105,48.05157112
32.4292118,64.80517247,3.042085664,47.1762211
31.07344154,35.48921024,8.806468367,25.01150074
18.73140118,82.64765176,12.3059605,49.59412751
32.85117997,45.93600256,1.6692817,36.57385657
25.78684484,37.77089528,17.64832737,29.10459747
31.1488031,83.32488479,16.07207071,59.58638771
32.921826,87.33908989,10.10413547,67.38628231
21.3600695,81.72765704,19.34253231,47.21042567
17.20103849,78.57096448,8.355219586,39.21161469
19.55870325,69.31451884,19.68220638,45.98040465
23.54215577,63.05144224,13.35839998,44.86786037
31.36029532,35.21920559,12.69342547,28.40204462
32.21461167,54.50719278,3.319097906,44.84810279
15.13904261,52.36131102,17.63855517,27.55705033
25.21494605,45.58522703,8.549793758,35.5316492
23.34822006,73.40520682,3.244668116,41.32669895
19.44215621,59.7525441,0.2521504,44.35623853
17.39730735,34.86277295,11.19511367,34.85217818
21.75230343,43.21099212,10.54799244,26.40750264
33.85819408,70.99552582,14.38707245,45.78484994
21.46405864,34.56785157,17.80516106,31.58211502
25.37581243,81.07241484,1.588131693,46.53092424
29.06037918,59.70879162,14.62992981,41.27143944
22.27259205,58.83519464,3.748238882,36.97596481
34.43564165,65.54446708,17.16354106,36.93726847
34.2489459,79.48085796,16.38127028,53.22217807
20.03564592,50.86855247,10.8158751,30.15950616
24.94497012,70.68096915,14.20485597,43.19933269
21.0175662,63.94391784,6.287002264,46.75278925
20.69680989,46.02169621,9.423357979,24.8220282
15.73773895,82.71779918,16.43273795,53.4327948
27.19128668,77.8455613,9.185303943,47.52241279
25.05358046,69.50711008,7.155965307,42.3020214
16.02957502,81.03490375,9.884248945,51.25503365
20.57292928,82.03765206,16.56498505,52.2039583
33.16531772,72.5017786,6.704160947,50.39438179
19.79123781,80.2207997,3.475231863,51.58374087
17.89789744,71.8482877,14.24028041,42.48502725
24.78905521,70.80844631,16.51956425,43.08366889
34.71300908,67.11668269,2.01274957,38.94904135
19.84110543,75.16299837,4.797482255,40.36627462
28.44271095,39.51630632,2.839439795,43.60432653
30.23239231,82.85224555,6.958828232,58.11100402
19.75275088,82.31061166,9.007019578,42.12716318
29.56432697,31.75483698,14.97652674,21.12973215
22.35566265,79.54900503,13.0229517,51.49512196
27.64611661,37.73219205,12.41857135,32.37996926
27.67059422,50.10713126,7.047498932,37.50866286
25.71549368,74.61049538,16.82895106,47.11090704
16.8057954,39.64559376,9.425743348,26.12241287
31.70604991,79.07802145,19.58209876,54.60664307
21.4156013,79.92805068,12.68284277,49.35473931
18.73037021,60.44806403,2.525294831,25.25170018
15.81550283,30.3831523,13.52355124,21.4919391
26.81785886,47.22228799,6.502080309,28.69988554
28.55128724,67.0156151,13.72654393,45.6945596
15.33175658,88.87117068,1.392822963,64.23997192
25.24186117,67.90881162,3.497628744,44.06389824
19.5299155,45.58821486,17.11474518,30.50838269
27.90345581,68.04034219,4.54359114,47.90893357
18.48732858,62.39912278,16.7408225,42.5073639
28.81875476,76.79072371,5.585521769,50.25856509
22.73470693,36.41883833,12.8576382,30.63561185
33.73459977,75.66167415,13.88301147,61.01053713
17.75041888,62.47599472,10.25309506,32.95929986
21.82132702,87.77952023,6.106213534,54.02556131
17.26947042,50.51232996,4.252887527,26.65567796
33.49387237,67.95731359,0.663787091,46.93713915
32.54678707,85.92168633,6.078928025,49.34723233
20.15883255,36.15058368,13.06325581,24.6487587
28.19968092,86.23370923,18.76609637,53.8545286
31.344444,71.27314334,17.42408965,53.4038064
26.10401623,34.07022355,15.32129553,32.52284797
25.59301157,48.05781402,15.76894687,28.63201297
19.83704582,72.49032532,13.29969807,45.13088657
16.86205536,34.04103609,5.205737151,19.57238281
32.94431516,64.93022761,18.14390061,39.68466392
33.00836114,50.75298342,13.41464624,36.87684405
27.66202915,67.25493107,11.20881262,42.62542286
21.78059582,32.74452203,2.219789384,35.48398007
21.98419149,82.29220837,8.941110876,51.69438293
29.51911358,88.40933815,9.207165424,48.01374873
32.9422052,88.13267132,17.29127219,54.58338164
32.74172849,74.9791099,10.9329644,54.60558286
30.59751092,37.80517441,7.608010979,40.04565654
27.84063292,75.49579176,19.53600657,42.07737051
16.6827993,31.47521499,2.214411867,11.78570773
18.23257428,31.32741309,8.450968566,32.17849842
32.97108377,49.41661315,0.840493503,36.71580129
27.12858119,59.31859142,14.79808242,36.41602289
15.18394103,76.22444507,18.36153104,49.01285648
17.02943086,70.9977226,5.600746591,28.54910118
28.27003538,56.75416238,17.16683354,40.30833605
15.10123168,46.41759998,5.844364609,30.54714828
18.21616103,89.82747001,18.21540323,58.64301466
25.97467579,55.57087813,15.07923807,33.52420966
28.83790395,57.08322146,16.09813554,40.84104483
28.03922519,39.81742927,0.360131112,23.76538528
19.48538619,77.68857292,19.25620714,49.81806253
29.24358443,71.62093355,14.53341984,43.01349446
19.74498175,43.24617677,6.095021908,26.72508309
21.50799396,34.94286274,16.5878933,22.26233124
29.9298281,70.82995812,5.630423968,48.7756935
27.99265798,69.27067286,17.45507679,50.81640476
31.98446821,46.39557162,2.251607808,32.07034498
28.15225785,87.05181374,14.07371955,54.97751811
26.36617207,39.06347351,10.81396953,22.36142521
16.87349536,55.94008806,1.930689404,31.91984728
22.35431606,86.61695521,4.837876565,50.73132465
20.30404735,55.18363902,0.248080726,46.83661531
19.87979287,68.31155686,9.375359309,36.43495302
34.4602111,53.85566388,6.025305215,45.7918425
22.86195449,46.45291214,11.96714969,37.46276622
32.8409311,89.03865888,5.944756154,56.96374202
27.62277252,54.56004038,5.99838223,45.55963081
30.89622607,83.64595222,14.86386397,55.92514409
25.05274186,43.79727635,0.96285672,31.55282806
26.53807769,42.78628224,18.0578999,32.70054114
24.85035388,31.86804497,17.04527749,32.91602856
18.90485976,69.10000952,13.35609366,48.37502759
29.44904231,52.11158062,11.8644314,34.13500285
20.61544725,81.86149499,17.84604996,44.08835569
15.48631933,58.3925944,3.706603591,33.56861053
27.90944592,88.09160567,1.579383244,48.73432044
18.54221359,41.13153094,4.790203398,26.76884735
33.80917169,82.11739008,15.89156557,60.56695033
34.07857154,76.59581117,0.693405335,46.37364984
33.2972878,76.25531068,11.6561367,50.23395211
22.40317401,80.68699369,19.90875032,51.33631278
15.30913233,75.66143946,17.11392188,50.08839821
33.56637125,67.5732193,10.42891378,34.70785711
23.56368297,37.87469266,1.272818186,23.22751338
34.33309638,31.95157077,16.62747029,30.65762682
34.27239954,85.25087087,11.97957016,61.30346411
32.06018911,66.99901887,2.298659941,41.11778592
20.88897784,77.79223746,1.877145696,36.15547769
22.70195457,58.89134109,18.19253639,42.99332142
32.02273343,37.03849134,13.38400526,27.62605481
21.3384401,37.51114753,16.58573599,22.5259197
18.38985493,71.13391723,17.57957801,41.47810375
26.13602525,55.81835369,11.43544704,37.11444704
33.72309548,42.0314836,10.34892704,30.17873253
28.92059593,59.4956728,8.608548206,29.11789454
26.4012234,33.85253622,6.338931756,30.59975247
16.94352988,64.91828411,8.691919217,45.65496007
27.30014453,46.13960427,15.47759311,37.61297407
34.801077,77.85354604,12.03846862,46.08636149
17.8016803,48.62171754,17.8504658,32.21399835
25.36659305,57.31320894,8.867600288,38.00749587
32.54746144,30.69723239,12.14179157,30.53518489
29.81537236,34.34681327,12.62615106,31.984951
28.94031482,53.54961338,11.83394325,34.15282079
29.04968168,58.79633008,14.05267546,41.33358242
22.18982302,66.00123289,4.748669367,42.89369925
20.87183689,47.49975472,10.24727555,39.33999515
31.18722311,71.69891317,2.084496056,49.14505543
31.20226789,81.60734383,7.690226553,55.64768103
32.34144637,76.79105933,9.753341372,50.46776499
33.26481105,32.37712952,13.04448519,35.82920084
25.22684798,58.83041684,19.01062105,42.834201
25.03032589,36.29581071,12.01302133,23.75416784
30.96590358,44.52270095,14.87187832,41.54234707
27.99927862,89.1997556,10.12532119,58.51424198
29.03933755,38.54973257,12.68208063,28.30786357
30.91585339,59.93328921,1.418644323,37.12766465
32.80010684,67.08934406,5.087831617,45.88514813
21.75990314,72.14789823,7.237061864,46.36525641
22.51165905,63.57892101,9.4498671,41.41939297
16.8796388,30.58625085,0.91297491,22.09615541
26.56560282,49.58767849,2.800481951,41.82340336
15.71884548,61.0626986,5.536286156,41.71197594
24.31196036,35.27198995,19.43065382,29.7688918
25.85289269,51.03761587,6.626940142,39.30661668
20.73082504,31.99218653,9.640821162,18.98088549
26.81666521,34.71470983,3.921954255,28.17638058
15.610005,53.81539657,12.21560142,43.08035182
15.74696377,37.96294524,5.61366431,23.73806514
31.45201121,64.0524509,4.139851569,38.05162948
22.20381283,71.36789815,10.33145257,41.15093899
17.54121025,78.03520195,0.110115983,38.85382206
25.4448652,42.00901465,0.153280653,24.74481348
30.39987106,40.04895494,4.381376182,28.16817353
19.31642055,36.27407042,0.73442725,17.05101173
27.45780952,68.18581497,2.160515083,42.84044503
16.7069493,72.38854359,6.777212987,47.07318505
16.03363442,31.89516869,16.05171359,19.42923649
25.62709263,86.17273477,11.44097287,60.65910937
25.81270243,33.11827702,10.25335452,28.90758059
27.74859803,62.47778012,5.869776464,45.89032769
29.52182667,72.54363117,18.63507439,45.56620569
34.51704159,82.25814742,7.940300825,57.34487249
25.32600697,72.84521593,1.741855336,38.90911162
21.45912946,78.10368498,12.34133032,52.4090849
30.9037239,50.36701155,2.27676787,35.76917322
20.41664503,78.88950682,6.904462856,49.71689559
23.77942841,34.80689078,10.14823877,20.68894864
16.56912763,83.68899936,17.48445049,45.83677886
15.50701487,62.85554257,9.870931607,41.04020316
34.25296829,79.0378662,14.04517532,47.86211863
31.71960241,57.13909707,19.85633678,44.37272808
28.91948412,68.61466171,2.629782398,36.67344354
23.17905889,61.58415966,5.49463051,43.08559466
18.4658864,73.89537131,7.891521512,37.9031393
18.12874085,34.89779892,8.436563571,27.33633412
20.00485796,33.62112504,8.220421505,27.58425888
25.98453329,44.82619404,18.15222005,30.35504193
29.29191845,39.57268081,14.28065289,34.34017935
28.20394753,82.307014,12.15810428,53.34852343
20.59867794,43.15283924,6.187454357,26.29930459
34.09730561,88.55191535,16.47580768,52.75753748
29.75793833,50.21374751,19.10121023,28.04136884
26.08708105,40.92707494,16.42396565,33.32270515
27.23441492,77.38191043,0.031302104,39.04352626
23.39200125,69.52246653,12.7280274,44.80116012
19.95461979,59.89174299,1.022707629,34.81955788
22.11945357,63.32181306,5.152144407,42.72288536
30.15692221,73.1521067,1.190494007,44.35100131
15.28786977,43.70728448,12.07590906,27.20794605
17.32145281,89.78003496,13.73179827,56.4921665
15.92005284,88.48758973,2.289752761,51.15305141
15.81457605,69.01954118,7.676777661,42.37027872
32.10921168,41.97254706,9.124730179,34.79032102
29.07315719,70.81369455,7.381060435,37.9271459
24.48347658,34.33190454,2.42050001,28.77903865
16.95668321,31.83915013,8.378955804,25.74471516
24.8323175,45.46097331,15.02356096,28.10147845
24.46943542,57.7573774,1.420153291,35.28314762
18.4640374,82.09635032,1.603600282,46.71157
23.67703298,73.63014419,7.095425837,44.66478323
22.97009469,74.56239127,18.83451423,49.60842672
27.31700196,55.52960007,13.37145293,45.79102512
27.70187302,50.75609955,13.57339913,41.81212515
15.9060802,52.26232578,7.238399817,25.78957094
22.49225229,89.25897382,11.87321582,56.86215572
27.51719831,32.40655148,0.202623681,31.14362657
25.06272517,82.02188977,12.72192093,53.00818922
32.12979682,64.72052451,18.26573895,51.10725122
28.17387263,56.31692515,12.25146937,49.12227047
18.25868854,73.51545962,17.47397187,50.84867848
16.41137495,59.20013649,14.47946111,38.66591593
27.84838556,82.40539428,2.411168328,55.26488885
15.53022621,84.04211184,18.04906615,51.01437618
26.71551163,55.30325561,1.328876887,36.05157189
33.80460483,46.60966783,10.67934945,33.82501408
26.50948356,65.54101972,2.842742476,49.10897021
22.76339852,84.74180074,0.234132215,45.15460304
27.86576437,42.63973134,8.440685203,39.02957064
24.16505781,67.37799501,5.900814153,44.6179983
25.91233579,67.89361321,9.720009876,36.66797844
33.82929618,73.98678134,11.54399773,51.28922554
22.72205276,37.89406111,0.874781446,15.43847013
34.22381128,72.94949788,2.460065902,50.36144559
33.10701284,84.54195124,11.17284793,58.86380647
18.9158227,40.78098653,6.863347063,24.47612971
16.38722602,44.2525995,14.58346975,30.57689998
17.01556003,88.28370564,13.04583297,61.62647459
15.36443651,40.85861716,16.91208726,25.89232347
16.88885922,81.2631056,13.84985653,43.17364394
28.66013547,59.53667139,8.598621548,47.49441766
16.42377297,44.83386446,13.45933245,39.84886657
21.37951261,82.24499408,5.507623485,48.65635388
31.89750622,56.7183153,6.126269976,44.21097869
15.46543871,60.88904124,15.7797032,44.94747245
31.28936965,51.55400216,8.928390328,33.23706888
20.6370955,65.57705109,15.96760681,39.74664638
17.36329655,39.81143236,16.44844747,34.5587672
28.93474331,53.4648922,17.15124675,47.26818984
27.57885694,88.16473934,18.33270472,58.83697199
32.54944027,45.48800596,8.61970441,29.83370418
29.70142088,69.40419987,6.377336366,54.82329903
31.06961861,49.51140385,11.64397493,33.75052801
20.64069145,76.40838754,7.423448469,44.20540199
18.54879088,37.85241964,12.02148334,28.60683292
30.01229503,88.1892627,14.11171725,63.69146542
31.13669479,57.22737248,13.76810037,44.97819463
34.81010284,44.1630278,7.49105774,36.0970838
23.25235354,34.40980484,3.337204034,27.16449194
22.44036172,40.18547431,8.610586769,28.76453636
30.52825921,61.18643691,2.851882882,43.11277037
21.81607081,50.22019059,17.8019407,22.56750429
33.61514651,79.73300195,6.917549215,49.85151748
32.16825504,55.85325142,3.089194944,39.40155088
23.57988055,44.92285636,0.508955198,23.88211296
30.01742136,67.0286992,12.91644773,47.03448214
30.09085748,72.40663301,12.73804635,46.75582692
17.06247738,40.02251447,6.812083332,35.26979561
33.05105813,40.05715298,1.434237777,38.09584011
25.10504745,32.20028562,8.192577898,22.94114478
31.52914932,74.1841209,6.224349901,47.04148667
21.40099202,69.82827166,13.54241279,43.67317817
32.91046457,58.47785254,12.11558499,39.27688526
22.78403357,80.65022694,7.291874564,49.59382337
15.21675303,78.34020918,4.357851085,40.81529037
33.10763953,65.12126186,19.76071932,40.79198998
16.82573354,82.09627683,9.080032424,51.02542108
21.38627275,42.3504726,13.76548472,33.49186299
34.00123934,36.71517716,2.811059352,25.09859346
34.01214294,46.18497669,9.711793993,39.71526718
26.46875776,33.42521137,0.550734397,21.60549125
27.63674424,61.87017168,10.10910236,42.51375577
23.96891044,86.19634154,19.28034814,58.24663359
20.86421543,32.36061244,7.68413426,23.80833488
21.57329091,37.32659484,0.779920251,27.5649733
28.45036912,57.1319417,0.619115818,34.64275653
30.04749059,86.03250105,7.759735199,52.60011183
30.83158087,48.9693663,3.200498729,33.34496
30.79236286,60.43408852,0.467041927,35.81526977
16.82412206,32.49437154,15.12427228,23.43540603
24.88840609,38.90059206,9.170460178,21.0078184
16.1511752,89.19780738,5.784895439,48.1454666
25.99057765,87.90712179,18.00166366,53.92668945
23.83061003,30.29639886,2.322779204,21.48103951
32.75408366,87.10870713,19.11837658,55.99676675
22.01830025,68.34719627,6.279334348,41.72613408
17.34134033,82.07509767,17.76807345,52.19077321
17.85983364,57.28439134,12.05885753,40.78450264
30.23021263,60.93576171,16.53414719,39.59494795
27.36436127,59.33079482,19.68026326,35.79475416
17.02245352,70.01185545,5.768108756,36.05606347
16.68213612,38.37907529,19.22270971,25.60270582
29.01938263,31.79841539,7.789637898,24.40334348
16.45526013,48.4757965,7.710238095,26.86654357
31.43720119,72.28084576,6.807742085,40.45254833
29.12484454,42.11120713,10.82815215,29.67808322
16.62697561,70.405946,3.082900864,41.71477896
16.69675428,88.19472277,11.07422971,54.29638094
34.73279157,35.63404295,10.83409625,27.61656293
22.48541592,70.35612709,15.23803625,42.90630646
22.41284294,56.62501316,16.67299924,33.73746777
31.25599135,82.08853526,8.808827006,52.02563458
33.94497155,40.62898737,6.046664987,27.46517497
34.72002128,71.55755713,5.186697946,50.09776361
30.06756371,80.28691738,3.892476734,41.01289069
22.52519171,86.67685317,1.152951644,48.52842606
16.67001433,70.9948817,6.848959577,43.37377376
30.54293832,59.83048584,5.404953843,41.07828777
26.16808499,67.07083441,19.32834772,58.71668057
23.48444018,82.13429907,11.15417653,52.09231702
33.1270877,64.2365848,6.945540781,38.42525388
17.22394965,31.82322358,11.60935202,22.92334585
24.85250209,85.85692173,2.783934027,42.05976663
15.2270729,71.37160506,8.880874984,41.62710065
24.37321284,70.59080315,12.52468643,40.94702243
16.12606551,42.94050914,9.777956636,32.84061693
17.37635833,69.53312821,8.035576013,38.83888543
17.35052494,53.63186434,19.87696778,35.41265363
27.98420604,69.07397862,17.60629524,43.27572097
29.92089759,36.39558182,12.46811916,38.36194078
26.6673753,69.47071828,11.38754722,43.40686734
34.24345097,89.96482355,12.4132096,66.9008742
22.49741159,32.89272233,4.026242156,28.07159188
20.71424173,88.63045105,7.902754865,54.52038265
32.37198256,54.41447764,0.789190658,38.92033746
19.47191677,82.24520702,9.51092075,50.83534918
34.26445079,76.94312904,10.86049168,41.2846352
15.24308949,64.02097566,4.554994722,36.09999665
34.39757653,74.30695256,19.28057694,55.55465448
15.86319824,82.71093368,18.18909222,49.50775884
32.82286227,54.2484193,14.44286471,32.83369204
25.55402218,49.62198969,10.66773258,34.34872576
34.85929592,70.05560313,17.39938319,57.48599456
16.47593129,78.47075652,2.613046876,50.9352256
26.07708569,75.73710809,15.81019589,48.54369888
34.38605071,77.86881893,2.496416279,54.50675432
25.46195688,56.13499889,15.88421325,37.05039406
27.58797276,79.07005297,5.515351365,40.39513065
28.91497378,37.21254332,17.54181162,26.16679618
24.0908213,62.66934588,18.88084188,50.15253155
27.5511616,30.34551963,2.975919388,22.66332676
26.68628624,49.47514979,9.253512101,33.37724329
33.02316021,51.98769209,19.61974756,38.32555264
15.90892761,53.7703615,9.668148719,43.11217172
20.61926379,71.7280324,17.27095045,53.63378001
34.00822968,53.31348608,11.77463044,50.3080392
32.80527568,56.92161736,7.506598158,39.00848496
24.11313506,44.25264785,5.715671111,31.98152111
27.40265196,52.3951075,4.064461822,27.64802895
20.54762366,43.63617764,15.23596383,38.41424081
18.76242319,34.39175543,7.730810136,18.53186894
24.2739681,66.2069156,10.22550924,43.5146279
22.06704456,70.09276791,9.8465096,38.14928661
26.67312224,67.16942076,11.54558058,40.95142903
16.55469274,57.80964263,17.31154291,33.14722556
34.48789615,52.78714681,19.61478687,37.62352332
34.72421489,81.80001897,8.151684171,50.25199727
28.96323428,61.14490711,16.55037844,39.83015555
25.72192733,58.75091266,15.29055589,44.31681526
21.19055233,31.53852395,11.47057903,18.89622951
31.27590039,50.47486966,19.12094287,39.54710066
28.69462345,52.81173713,4.009490311,41.90594942
18.25233879,53.92936685,2.185284206,30.31146008
33.21854369,64.81034215,17.07923934,42.1969876
31.45074486,62.0161528,8.782996333,41.047276
33.99599827,66.47430557,16.93937708,52.72245372
29.51439017,75.89299569,17.8618041,51.34371387
27.26830392,78.77914432,1.249151872,45.16382224
23.36486073,73.08738457,17.66929526,49.50639281
33.65456967,87.33142176,8.966381107,50.04389725
32.32127779,31.09395496,10.20864978,30.69188833
15.9043734,41.74667914,12.53185022,30.19405817
15.52733949,30.4537725,18.52765213,22.05157617
22.52926734,68.84848285,0.382321889,37.06655701
31.21106662,83.88183294,9.536869366,48.77820572
34.74552259,44.60893779,13.75444085,38.15310052
18.00833782,85.62207269,14.45413915,57.24926803
26.88261431,33.61604342,13.85064863,24.45639699
22.61781713,86.06616161,2.688702588,52.64809998
34.39828796,51.09736123,5.987911767,26.63061426
31.84237846,36.08524971,7.174310508,26.10711184
31.76657409,59.15230555,16.08874415,42.16857917
24.3738632,45.40659406,5.575197448,26.5820784
23.29639005,47.09237412,4.214099277,26.69539205
20.46814144,48.4373979,19.14896038,30.85003567
16.12750993,78.18155387,0.177265702,45.4254467
32.29444753,62.3496766,19.95641711,43.91781089
31.25802018,48.67846195,13.53642598,25.23276606
34.99435347,66.620027,16.56938599,36.51869597
34.93273674,72.96904045,5.892387927,45.10849295
26.10863411,46.35744004,0.286305553,33.3570043
30.3797483,54.81294609,14.75739037,25.7343514
33.8953146,37.3131656,16.68289194,29.66310469
31.99294781,40.86896097,14.80952264,30.36303008
19.94696203,70.86707124,2.857005746,48.93071427
24.01088271,40.88630086,15.06855845,28.73501787
17.5831883,61.50980302,15.37845564,41.02049405
34.08102055,72.5427757,13.17081031,49.83614178
27.12349269,36.41261539,15.32231866,18.75498683
19.57285611,64.03873318,16.91842879,45.11594526
28.43401369,45.39376702,12.27208228,34.7584866
27.36256481,87.77561251,1.772094279,54.99233775
22.16325436,59.0127388,9.752556193,57.73704548
17.27115184,78.35955299,1.552986693,34.25115469
28.43146391,63.01359253,8.150860621,50.28989081
25.40615402,32.60475197,8.142129783,24.11541055
30.44636783,67.98908254,1.320196883,44.82913552
25.40327002,87.08420053,6.976410679,52.33080218
32.04363001,66.09670921,2.219961976,40.98425433
26.03813678,79.15133157,16.1647042,47.77088301
26.21875943,83.0523878,18.95376052,54.83011751
32.53307205,43.68478632,1.446329505,24.30571219
23.06965732,42.72269039,19.10230415,35.85559906
17.68030457,66.65885933,10.45153199,38.64285541
15.57565353,54.66170819,5.991313559,27.55146617
30.10274511,80.39167817,1.537241506,47.28404663
27.40619103,84.0013874,10.01248536,58.51079417
29.08159536,51.20528276,15.89031089,34.82850673
19.25928323,44.21223354,14.14172955,32.50451574
17.72742951,76.83153091,1.004520229,40.28011698
15.29089331,46.48836213,1.458036707,31.91266565
22.01175118,79.35685911,8.057465653,51.32098673
26.79835374,55.42429522,5.905809881,46.17585987
22.8448809,70.05299396,4.647686461,41.93167881
23.74949844,35.73211883,5.620089978,29.45820097
33.08317389,67.43155948,16.06965487,47.34500058
21.96510934,57.10606072,18.58456107,45.33883429
25.27978978,65.19650779,8.102053891,38.20843967
30.67306025,40.08085246,18.12222004,36.59181488
22.93085565,74.2124247,6.429914025,44.29796537
27.441734,81.76782465,9.528739727,50.70123959
32.24727417,43.00438801,4.520579956,32.53925467
33.99041247,35.74287333,12.80952084,31.89166656
17.94146962,31.41831516,19.5796223,24.42637771
33.5317525,68.51829003,12.06986192,47.80620906
24.84232586,66.42564217,7.156281682,49.98736547
20.16488777,62.80184476,12.95634892,44.96890692
24.18271512,43.91682577,2.458413569,34.0506831
34.60065151,53.45435975,17.77318161,38.38431402
24.85236188,65.66858011,10.06167902,37.85613028
21.57503221,59.80601153,8.986994841,42.94941719
27.66801709,89.26713121,11.71729577,59.65766385
19.80291238,38.18638515,12.49567726,34.89655512
16.51726656,71.70867324,1.435516125,38.07671669
17.57759444,54.25912609,13.65234442,33.98556698
17.56091678,55.6919769,4.838633606,25.88456939
18.03805387,73.05586594,14.27905265,42.83280413
17.77654345,71.54616908,16.45069589,49.37903931
27.8174949,89.47535962,16.07917015,53.96628541
18.63760169,37.70365737,11.05001935,29.85551204
21.91334567,36.24657896,10.40339785,25.82545722
32.9357682,73.46032903,2.857519227,48.80268396
24.47923281,64.70321502,15.50692301,37.058305
28.35115477,46.44963999,5.428187609,33.2418512
18.44639742,34.76516214,9.933908456,9.947602134
18.84578038,35.13949498,5.685481859,23.42609718
15.81737233,83.65145248,2.67656726,38.95388517
18.37870126,41.51203948,12.59115394,34.81783349
20.57180678,49.40229373,1.086640696,34.9770538
18.54020969,43.59938413,14.97290468,32.68969082
16.77405068,51.29977835,6.351735905,39.55748269
17.41271742,34.16543056,0.00269386,17.56248668
24.21557536,61.14358745,10.22258278,48.61779888
19.12667437,34.05675382,0.937038171,27.61474467
22.28539722,78.02139047,5.523391156,45.6182162
25.06834542,44.02272491,14.13952975,38.03787277
28.80789657,62.40071488,1.253792432,34.56201733
15.7862428,82.80474525,16.78676985,45.37302863
30.98820798,69.05264214,0.076398453,40.79511454
27.55800779,61.97746719,4.936477384,37.59854287
16.63518064,49.46002519,14.81808112,27.4013948
32.47157248,49.98011478,6.325402995,42.11202507
33.41744801,70.16921731,2.037847761,44.22314061
16.2215592,89.64836167,7.204678376,52.89410911
20.53755296,69.71035139,5.407865728,39.2462579
31.1240256,63.46700504,16.85423804,35.33854131
29.96519381,73.83903061,6.266958352,48.51275191
18.69042039,57.91233674,15.77864944,28.15774949
19.18698647,33.60854056,17.8374429,25.78468457
22.40944206,63.73780895,8.676348392,33.48543158
24.6904597,87.45751707,18.19886288,64.71204902
27.36509543,40.51817654,7.546361079,34.53470273
22.37827279,71.40029345,19.28156833,46.79871118
24.25069432,42.05602132,1.785790491,34.97891044
29.94941876,62.14966107,13.74038533,38.57615334
15.73366406,35.80058698,9.876280809,27.31304576
20.04873889,57.02225618,7.752976109,37.07539714
29.26699172,75.36979973,12.65423757,50.3159453
32.90413675,50.85429145,14.07714183,44.47558262
25.23354884,69.89470347,0.087265393,46.19732998
25.64226971,77.72699765,3.339061775,48.6676104
17.14344023,85.63066917,14.26092101,42.53611367
23.94824734,44.07852491,13.32770827,27.08904683
25.65234533,53.95895495,19.3209501,37.92582643
19.84941007,39.1449608,15.22075581,29.03831645
20.38486462,89.54901013,19.01545415,49.04203666
22.54568326,85.62005808,14.05081003,64.4422794
15.40142396,62.39742782,5.961044173,44.59332021
21.44158331,80.52199766,2.107298445,50.12552512
19.22896014,61.25747864,15.63647727,39.88490712
21.54994704,67.41514128,12.88298443,41.68810679
17.39524264,35.34746593,0.963720248,18.3254575
32.81054561,75.31622523,7.201009318,49.32888076
26.87184907,37.66280902,19.13599631,32.00892119
28.58204638,79.56405782,10.00802291,44.14944453
30.78342477,76.92168526,8.65458272,51.09766869
24.96884398,72.52468186,9.153992103,44.8074973
16.73840576,32.16962283,4.17765448,12.40282625
25.74213084,48.18770136,7.374143417,28.98939356
26.73682236,45.78675419,7.39626512,30.32564916
29.90878948,51.60818445,1.047100404,44.42458744
23.63319092,35.25856481,15.35135257,30.57227582
17.55160606,86.21746938,8.330088638,43.36282639
20.67551812,63.22813444,16.44359774,43.53562365
22.26164593,48.33145864,17.00696002,26.50909516
27.91834483,53.81889102,4.239881094,41.54638045
26.41556609,56.83215243,13.14706964,36.61453671
22.12193452,66.03566,9.445636083,41.07535663
34.73030498,60.94076566,17.60313476,51.03908451
27.11549639,85.16351839,4.314813584,45.14355299
19.74453583,59.81780897,13.55626401,31.55792711
17.03564945,89.52948089,12.15504245,49.38844714
18.05718278,81.08549746,5.906029551,52.33300373
19.91915457,42.51063086,2.732018073,20.18073504
18.21362747,85.83571288,13.03279521,36.82772573
18.73134048,36.98198387,14.77194916,24.80898962
20.70190337,79.04698251,6.312546875,49.75527564
18.46747191,52.83739761,12.89665208,40.53957954
32.93530849,82.67845923,7.902618152,50.48453898
16.60467491,82.08340141,14.26413767,46.81879767
25.49022779,78.35552401,3.984305498,53.39119511
23.20793654,77.40182618,17.80430005,39.87544556
34.64757234,48.28074835,5.748191929,33.74168038
17.24077804,34.85515698,7.355719755,25.02307531
22.95711198,54.17881073,1.161839042,36.45500037
34.38940867,40.4114709,2.230244246,28.41957343
32.31014252,71.69706533,10.31723805,47.77722809
31.34144142,50.76598359,5.351853535,23.41415816
20.15805654,88.53661205,16.70960451,50.36640183
18.41775175,68.45832464,0.293867773,42.08080496
28.3728644,79.34883382,7.581880973,44.79118225
33.58751978,37.95148036,6.746910935,30.69629941
26.13525786,81.72086894,0.386552618,51.01268485
26.43225379,85.36543143,2.48736798,49.39711944
20.59958187,59.22371513,8.272853498,38.29862168
30.38985866,66.37517627,9.857291689,39.46234124
18.74087497,75.88858805,8.085794945,44.15065911
21.47358473,40.49031764,10.61875357,31.8620658
23.50872877,60.15396459,11.9026335,40.29499243
25.15220757,53.91978167,0.198476423,31.61259204
19.84819465,38.78243953,9.281903189,28.32314082
17.29673649,52.05206534,19.26998482,38.64209953
27.21240085,34.09033856,10.3806456,17.03531226
20.77261106,31.54871442,13.55084535,30.51167992
26.62476443,38.10997735,6.237277158,26.60859974
18.08725431,87.7869067,15.47982756,54.54304482
24.62280204,62.97177215,15.45842964,47.95064723
25.65178865,87.94932967,10.42592095,46.89701713
16.03647074,55.9498727,19.52027647,33.14272785
21.73208556,48.70896799,2.511004295,29.93356704
17.68829354,60.36851177,0.338953298,31.639767
16.26749941,56.37070132,15.40316424,44.82091621
34.79920465,36.33988106,16.14311075,27.5544636
21.4470769,68.44957888,2.404144582,38.36200753
31.19748892,42.96229095,5.311656659,32.92466864
20.0928131,67.17527729,0.351047267,33.6749444
28.63005444,69.01206554,5.866172216,42.28987999
30.2045572,39.12149119,15.46283748,33.30194656
26.91277481,33.68097763,10.35921055,25.32186135
24.43152377,76.84569516,6.961911863,46.67775279
23.23681828,57.58802543,7.434785898,34.60535482
21.97736533,33.48982773,0.027072514,15.77118642
33.59058288,89.69197903,5.996010551,57.73033255
31.61238816,33.46683366,12.92917483,37.5776336
34.30053821,71.70211373,19.48388888,50.13000426
17.48594447,89.02073552,16.94121654,54.27071499
29.6173495,44.35080625,0.471899293,34.61860161
33.76680914,38.53496212,17.97121209,26.64511374
18.62466132,37.28309637,15.66396827,35.87431352
16.32992535,48.19650885,15.60752247,33.13038051
29.82241299,36.06274866,9.15991518,36.96936576
26.48946226,71.5296805,7.960105859,41.63853512
31.83657554,33.73750789,6.058314577,36.72169913
17.79544753,60.56532769,1.313897179,39.75985501
30.90534624,89.80181123,4.56470727,57.85065137
19.0325464,78.83821617,4.9320727,47.28540882
18.27311886,66.91316629,9.681541394,39.63218399
18.28531596,48.37521725,14.94888813,38.66563933
31.2914944,67.43375018,9.476196568,45.70136207
28.30394441,61.62248783,1.156888989,29.69845652
25.4613085,55.56500303,19.15579602,33.66612096
22.17660968,37.8426226,18.85448638,28.41596272
32.54401082,83.19625291,15.70379086,56.05208279
22.84890215,56.98707893,19.82655803,39.03057927
31.33198879,41.67735071,10.88964666,38.51105527
23.78269817,52.06556105,19.25536701,27.26315406
22.53888859,54.84778515,1.512100812,35.205919
24.25359571,79.65227373,7.313614965,39.47504245
21.02755748,74.01686283,4.50762536,48.01678521
29.9521876,76.15829362,3.916661683,47.37584185
25.0544078,30.66187587,2.816058978,25.50852193
19.6442539,54.96923989,12.44827283,31.54813588
32.99149147,58.8806491,15.62643711,48.86038407
22.67782443,31.15153661,11.56596799,29.90093255
25.87105722,45.58879252,2.939254192,34.06128578
33.12944222,75.61738939,16.2224754,50.3444362
27.48475992,38.22658234,12.71909414,32.8018244
17.33796081,62.11860789,7.763314123,34.27889217
33.79664247,42.91211232,13.48260591,38.56934838
27.55416106,30.72724648,5.198099585,32.91689595
21.69811229,44.47208746,6.90384417,35.47929905
17.78544145,88.55242529,18.34971686,49.63377611
30.88050379,78.09222671,5.810090113,51.2793691
27.40145512,87.57459866,9.399765363,47.42198122
25.66922184,59.27124264,17.80282275,43.75890398
32.87785166,36.58417192,14.15442701,33.23934392
30.77194422,62.87756934,1.244064523,31.57009914
18.03349759,57.26264007,2.946060886,28.82166227
21.23444136,80.66142496,0.156831815,45.31671677
19.9697828,35.88495485,12.6184358,24.95280069
29.87892585,59.29446822,8.953468508,34.35422089
15.67064869,39.00291988,2.685497018,26.6846476
26.3977937,49.48055561,19.15868242,37.74872044
30.24917371,74.24142464,10.59319448,47.34275767
32.53531274,58.56108776,4.837865882,36.22975338
21.84163497,52.55329711,10.01207142,40.07508896
31.42514609,53.66857671,13.59240665,47.25734908
17.21263474,57.5668061,1.524784359,31.83434293
31.92904583,77.10099263,5.494076301,46.16719074
17.54977325,83.52508134,16.13930982,52.71137293
22.94574581,87.32008119,9.193297408,50.59227692
30.94590732,77.21420318,10.93154284,49.38019635
17.99834855,48.92441374,8.656320044,35.2912412
19.5850279,71.28808237,0.877998853,32.14836889
29.44505137,56.25618744,3.314995596,44.21611988
29.40073073,45.28023732,8.910832775,33.60590706
27.82295266,80.45229477,4.183709308,47.35230932
28.87896889,32.30558094,0.999580573,24.57022648
25.85448887,84.10571953,16.87299328,52.99595186
20.03598118,57.68864788,19.62385058,30.12388189
21.91391987,68.23208861,15.86285748,51.3374829
18.63195434,69.56123533,17.07569843,43.99197182
33.16901123,83.70706444,4.839542606,54.98715476
26.6678359,68.20018093,19.21253951,50.70069799
23.01702834,66.83601509,3.938514089,36.00500657
24.24011607,33.99912243,19.02859621,30.44467478
33.94566679,61.10448132,19.89638588,43.37701242
18.06702806,39.01014005,14.23445611,32.00592354
26.72459664,74.24602612,19.62287464,38.42882988
25.11777358,60.73331525,11.39079559,39.68467731
27.22908471,70.81366675,5.190835664,41.59962264
15.36220368,32.50037404,8.739917713,24.76814642
32.44247818,35.08752096,11.87121871,32.00096861
33.64236565,72.97940328,1.461631241,43.33660811
26.30266367,34.32506016,12.44686529,23.98183292
28.93301648,34.27540367,19.62355674,29.18899128
33.44998762,30.72650851,3.802152996,21.67547001
29.14477269,87.3900839,15.85190233,59.8187727
18.05078086,74.25050157,18.15797588,44.32604421
26.5257672,51.19508451,18.87403186,22.79513769
27.13430093,47.79213488,19.20271209,34.00278985
23.48261343,50.98219378,10.42919277,29.42900037
29.72888471,76.47921187,19.54615816,42.9111239
33.6873403,69.68223666,15.14620414,41.78942806
33.51137026,41.11173407,3.233428725,31.80300622
24.01678743,40.44656012,9.538002129,35.97912086
17.26476092,35.90373898,14.36662351,27.57054484
34.69682398,69.61816318,4.946806316,43.17497311
31.77796173,75.86235973,12.81230367,52.3065501
17.49325362,45.9027857,13.33200958,28.5703193
33.41683765,31.25669766,3.253994876,22.83119726
32.39792724,34.93030005,11.30170625,23.67305611
25.37676114,88.07160209,15.43253822,45.976193
26.82550871,47.72668665,9.977913291,31.95696006
22.98005408,76.15338887,0.242062336,45.80939058
16.09523278,67.47981413,0.180769382,38.12151242
21.70394483,52.91637838,7.140586879,32.31765538
31.05706897,42.34123573,18.52388137,29.46378453
15.09264046,37.28318509,4.573535592,27.12532276
21.66998343,66.90077808,12.68727378,35.90317923
22.96337387,76.47802684,4.441517414,49.89646863
25.74791206,68.63425521,6.433399793,38.31709609
33.39711233,61.81812799,16.96084179,40.55818987
21.92691989,32.51707341,14.57722885,18.41813249
21.93906404,88.10932666,1.907985546,48.51096891
29.75002496,77.9228515,8.57404042,54.47780361
24.04435882,47.5693222,0.583395273,33.69278824
19.49209646,88.79821976,9.617802932,57.06240996
24.04879032,66.11289538,13.24868023,45.53153356
17.81714041,64.94535949,2.370052472,32.77348322
18.52773973,74.88439077,5.777698778,42.50211094
24.96735545,78.70618729,7.95673251,44.53365114
23.37850899,69.38871644,18.39062049,52.03890954
33.29691802,37.68574478,19.86510031,26.82102463
22.24787798,50.29605036,0.89822598,36.47052222
26.61176701,85.68501842,15.22015847,58.33484036
27.64528576,43.47693671,7.434481328,40.66705136
15.26188913,52.33002143,7.849163725,30.26497724
28.27074744,55.92461298,15.08529947,43.02220141
18.56071934,56.36429938,18.36852864,48.8323304
34.22140635,66.77637495,19.01857189,44.37011537
17.97325456,86.58455026,11.54245172,43.31754061
23.29248247,44.44156271,7.142423186,21.23696057
16.70699336,37.29008258,15.75098172,30.37089579
34.93748504,41.84822939,5.020027665,22.9936147
25.04390021,83.21549401,11.28148058,49.51561792
26.90770035,68.74864876,7.17156923,46.06751426
16.34152955,47.15440735,13.13262147,32.03206452
29.99920941,78.95681634,4.807978258,51.56699096
19.19811186,81.68219978,3.831858915,48.47835451
32.96108579,80.79086032,18.36478173,60.35104131
19.10279281,85.13559202,2.036073659,43.94426668
18.81375441,45.13446121,10.11915815,26.85021287
15.73099336,75.30251572,4.417055659,39.39066977
24.4413389,57.63236984,0.778599267,40.4552655
26.29682267,80.51991317,0.720376366,52.7950716
16.31417279,73.70944063,3.504435442,44.70598584
30.51055233,76.58684679,17.33540709,56.83113885
24.06577669,69.36971026,5.64957488,37.14429878
25.48780539,40.64572617,19.00918341,40.10716194
23.81525494,62.70161513,11.63244586,48.43806633
23.01526122,89.08018437,8.732283795,56.8692373
26.19280663,86.24328399,11.60177669,62.20883387
18.10480492,32.59042415,10.3339677,15.51033105
18.63856261,39.88888894,15.17552508,25.94887759
32.23571242,37.90372641,5.649921319,26.07604389
33.92230924,73.5587946,7.061007832,51.97568826
22.46618633,79.06711979,17.88188605,44.59908931
20.41489346,42.81068198,18.92913026,35.10311083
27.87999086,60.35116158,17.85116455,48.96249168
23.17468342,80.44218168,8.388959879,52.32730234
15.50772711,73.96809269,15.60731006,46.17658161
18.12305195,62.53423233,9.526714666,33.67000798
29.31944458,65.42086143,9.950797043,39.26216866
28.17847884,60.50163281,4.093602181,45.77117502
15.54191985,47.85290708,11.82260607,34.85029573
19.43944324,63.90131957,3.722717955,38.33193875
19.62149593,71.33311812,6.631293981,40.78971891
28.43785487,82.39937495,17.10060403,43.02212538
15.39421076,68.17748124,4.141516184,34.18104499
17.08217164,75.66729222,1.423165703,52.80002618
30.99832171,39.6042981,1.380151852,22.97539808
18.57089324,57.69344847,18.81569041,39.12852939
28.05492216,30.55989719,10.13840876,30.76132686
19.76365562,44.80073187,8.188241436,23.69249757
16.98882786,73.58770291,16.21757162,46.05756651
19.86344382,89.50859708,16.71651856,58.74621309
29.44533864,35.95068598,6.643820662,28.20020532
32.11392936,54.08965895,13.87236115,53.79549579
31.60439729,78.00425812,15.42245632,43.22494322
22.94367059,42.24213808,13.09301374,35.91641561
28.36170273,63.30509696,3.031901496,39.90343091
19.09968591,73.98427776,17.51766167,50.08517776
20.86295461,66.95912702,10.78189105,44.10136386
32.92671637,41.28148408,5.649448527,27.98286567
15.26003847,51.32307412,8.504563709,33.08544331
16.71017062,77.02750707,0.751421808,34.38758182
19.1577251,63.25359085,2.557336024,40.90181766
15.53064408,30.31377681,15.31093501,24.36906096
18.6287087,75.6594456,0.000232695,46.61168279
26.66083122,32.1186813,8.33131657,31.01444495
23.42849101,74.74402696,10.45020362,48.32870071
32.85343422,42.14883361,1.0926884,31.88943185
31.34887123,87.48440881,19.46156326,52.63383674
21.83634703,52.07644508,4.522506625,29.93252416
20.18846867,49.61589698,6.083974393,38.01495707
22.59384816,38.93328302,6.078850245,34.64224304
26.80589885,48.33625293,4.608333242,31.94101059
20.36127282,82.59904571,0.029476442,47.64381372
27.48297816,89.78006026,14.58689588,51.52923088
23.18823304,52.09857183,19.33691,42.73692205
26.04094362,56.91663786,4.485869666,40.49486007
23.72253058,73.32425629,13.26094384,56.13716327
20.88931519,83.17174683,14.83792654,46.42863789
33.96906614,65.58266005,16.96850758,44.48571189
30.27211588,53.49154189,8.45258394,38.67515211
17.80226352,54.75731045,6.058618113,37.16350559
32.36935952,71.73708879,6.50590268,45.8021946
24.74862396,30.19309582,14.25242666,21.00681498
32.89104454,67.17536025,16.33558933,51.129149
30.99710512,51.32958063,3.632279355,39.29605453
23.50427009,77.65183988,7.418820163,42.77959449
15.44938617,35.57943839,18.03880393,32.80950984
20.37354719,65.29213602,16.13387039,47.83589979
25.83268429,58.85837339,19.69716806,41.78990808
27.6695644,68.53953155,15.08496519,45.98561745
20.15775371,33.89121567,7.863904021,27.33600361
17.78712148,64.79902725,11.81275668,35.78968605
31.69860474,63.68907528,13.22028508,44.14833347
34.68804361,63.63960566,1.569116326,31.77812146
25.51380365,66.20926,10.88993918,47.31903716
18.43358572,70.58807623,14.18641657,35.85393103
20.44614653,78.29933998,3.34642608,53.46989831
15.36781353,46.18924321,15.61263435,29.17689206
33.28597613,79.50296461,11.67545561,51.01403136
17.35502166,59.89534094,19.04443571,35.82439458
26.53032951,34.62349675,0.848445964,24.00034205
20.48110441,33.51305575,5.306522751,31.05482048
26.08356005,50.05429912,12.03107759,22.81938981
28.02840777,77.09381863,5.931198244,54.52649822
31.59483607,72.46085608,14.28848328,50.25669293
19.12842544,77.31689788,15.18010565,41.39788946
15.21991657,61.03614339,2.050319281,30.11754856
17.7377126,56.41193988,10.27708928,43.96466671
33.00037284,38.8471516,10.17781111,26.63171547
32.47780155,49.69156522,7.385615404,30.2994936
26.94826204,56.04116197,18.65849725,45.52333176
27.01033721,35.31602578,16.5501264,30.76390371
28.30073349,43.23671716,13.94418764,28.20778827
18.50742557,65.89351764,14.28653271,42.43941791
33.28823892,74.13978685,9.234322876,43.77446626
23.3754105,89.90085068,18.41989042,61.15113357
22.66277056,85.98679988,13.89190855,57.87746764
25.37835411,68.55391197,14.57962123,47.46641746
15.93931934,55.2748832,17.23381808,37.67430632
18.32566738,68.17064188,5.481431787,49.48524814
29.76067233,77.13909708,16.14141808,50.72446549
16.65597336,37.10017146,3.904812059,18.41846952
27.06304219,54.59429338,6.906839045,39.04479672
19.90698219,80.38813714,6.712209085,57.93884029
22.78591228,53.02997712,19.57050937,32.19106665
20.77387474,64.31233627,17.13074447,40.00716562
22.11345433,65.26616165,14.02339723,44.15402676
29.3809181,41.06857519,14.54113523,31.98726583
20.94243431,51.7341265,11.24145589,29.48656682
26.32809281,50.07067732,18.94181334,42.33141845
24.52100804,31.57180251,9.925175058,36.72744229
28.27342331,31.45150583,7.610354197,26.71050804
33.73659479,79.90182262,3.260706739,46.20368965
29.65144194,46.3842486,15.72411305,27.48757687
19.29880757,61.08472597,14.68887864,40.55966089
15.6236627,47.92353442,7.68710077,35.70567289
20.24528089,86.44075471,0.503868279,51.77057401
26.90155861,45.55780553,16.77994655,34.19334046
16.02851627,55.77940876,0.228359669,29.79757294
24.92732494,82.36381503,14.07399559,46.01408595
26.93685698,80.51601401,19.40514219,56.39384917
21.68487782,41.16608507,8.753226563,33.4080093
30.41824407,78.15859859,4.6994681,41.4160172
17.13196506,57.4912132,14.0974202,44.65387505
16.50275563,58.97813233,16.34256284,40.57876153
29.56377512,38.00879834,10.92860632,37.0572262
24.90982632,34.83609083,19.34070551,22.04849567
28.76804793,73.67635842,1.033374433,38.8461477
23.69654677,59.78766914,10.09591197,38.27713445
19.92804066,56.21104216,14.36907895,39.4716712
31.38204635,73.77049372,17.25280942,58.73222676
30.98831758,75.93077394,3.585112238,51.50929926
28.89392942,39.53449006,16.00006964,30.4220314
20.44290274,66.61350897,11.05414151,36.51860757
26.80461334,38.12124494,7.93107364,34.83822406
22.21947794,75.08250516,2.634300572,39.91042895
16.83164147,69.41730938,17.30591518,51.36167294
33.34627151,87.39687727,3.145464164,52.90948967
17.73637262,34.13748098,6.195757184,31.58171408
34.00474708,33.42328327,5.800910639,31.46790434
23.92011546,46.93122448,17.42828068,33.44232557
